City_ID,City,Lat,Lng,Max Temp,Humidity,Cloudiness,Wind Speed,Country,Date
0,edinburgh of the seven seas,-37.0676,-12.3116,14.920000000000016,62,96,1.23,SH,1707273296
1,iqaluit,63.7506,-68.5145,-24.0,54,20,2.06,CA,1707273297
2,isafjordur,66.0755,-23.124,-5.089999999999975,92,100,5.8,IS,1707273297
3,tura,25.5198,90.2201,15.980000000000018,68,0,1.12,IN,1707273297
4,el bauga,18.262,33.9081,11.54000000000002,41,100,5.15,SD,1707273297
5,bayanhongor,46.7167,100.1167,-24.379999999999995,76,41,0.75,MN,1707273298
6,errachidia,31.9275,-4.4285,6.180000000000007,39,0,2.06,MA,1707273298
7,gorakhpur,29.45,75.6833,8.399999999999977,47,12,2.53,IN,1707273298
8,pori,61.4833,21.7833,-14.810000000000002,85,100,1.03,FI,1707273299
9,adamstown,-25.066,-130.1015,23.370000000000005,83,91,4.43,PN,1707272992
10,port elizabeth,-33.918,25.5701,19.870000000000005,87,0,6.17,ZA,1707273005
11,port-aux-francais,-49.35,70.2167,4.910000000000025,99,100,7.88,TF,1707273300
12,khandyga,62.6667,135.6,-34.25999999999999,94,100,0.68,RU,1707273300
13,wajir,1.7471,40.0573,23.939999999999998,72,10,5.23,KE,1707273300
14,stanley,54.868,-1.6985,-0.8600000000000136,85,0,1.54,GB,1707273300
15,matale,7.4721,80.6234,21.180000000000007,74,30,1.16,LK,1707273300
16,albany,42.6001,-73.9662,-3.170000000000016,71,11,0.89,US,1707273016
17,sheoganj,25.15,73.0667,16.769999999999982,51,99,1.34,IN,1707273301
18,saint-philippe,-21.3585,55.7679,21.920000000000016,82,91,2.29,RE,1707273301
19,mabaruma,8.2,-59.7833,23.30000000000001,92,15,2.18,GY,1707273301
20,rikaze,29.25,88.8833,-2.240000000000009,16,0,1.27,CN,1707273302
21,al qusayr,34.5091,36.5798,6.300000000000011,63,0,0.72,SY,1707273302
22,chibougamau,49.9168,-74.3659,-6.060000000000002,74,75,3.09,CA,1707273303
23,kimbo,10.4,-13.55,16.99000000000001,88,0,0.64,GN,1707273303
24,amarillo,35.222,-101.8313,9.839999999999975,59,0,9.77,US,1707273117
25,highgate hill,-27.4877,153.0176,30.480000000000018,72,100,6.17,AU,1707273304
26,punta arenas,-53.15,-70.9167,10.20999999999998,71,75,3.09,CL,1707273131
27,richards bay,-28.783,32.0377,19.060000000000002,88,47,4.05,ZA,1707273304
28,newman,37.3138,-121.0208,9.339999999999975,87,100,0.89,US,1707273305
29,port mathurin,-19.6833,63.4167,25.089999999999975,70,32,7.02,MU,1707273305
30,kapuskasing,49.4169,-82.4331,0.19999999999998863,93,75,3.6,CA,1707273305
31,juruti,-2.1522,-56.0922,24.24000000000001,73,17,2.11,BR,1707273305
32,lucerne valley,34.4439,-116.9678,4.699999999999989,96,99,1.38,US,1707273306
33,stettler,52.3168,-112.7186,-8.990000000000009,100,90,4.63,CA,1707273306
34,udachny,66.4167,112.4,-31.05000000000001,74,98,1.89,RU,1707273306
35,puerto natales,-51.7236,-72.4875,9.279999999999973,78,80,3.04,CL,1707273307
36,saldanha,-33.0117,17.9442,15.180000000000007,94,0,3.64,ZA,1707273307
37,waitangi,-43.9535,-176.5597,18.05000000000001,87,100,2.68,NZ,1707273307
38,invercargill,-46.4,168.35,15.379999999999995,64,16,4.02,NZ,1707273307
39,karratha,-20.7377,116.8463,32.18000000000001,37,100,4.93,AU,1707273159
40,bethel,41.3712,-73.414,-1.579999999999984,70,0,1.54,US,1707273308
41,santa cruz,-17.8,-63.1667,21.850000000000023,94,40,2.57,BO,1707273308
42,klyuchi,52.2667,79.1667,-9.620000000000005,80,93,6.47,RU,1707273309
43,hermanus,-34.4187,19.2345,17.480000000000018,84,2,5.54,ZA,1707273309
44,argostolion,38.1811,20.489,8.009999999999991,56,11,0.62,GR,1707273309
45,hotan,37.0997,79.9269,-5.300000000000011,68,12,0.83,CN,1707273310
46,carnarvon,-24.8667,113.6333,31.970000000000027,40,4,6.39,AU,1707273310
47,tiksi,71.6872,128.8694,-29.689999999999998,99,97,2.85,RU,1707273311
48,hamilton,39.1834,-84.5333,2.579999999999984,76,0,3.6,US,1707273311
49,elbeuf,49.2867,1.0029,10.939999999999998,85,100,10.29,FR,1707273311
50,bredasdorp,-34.5322,20.0403,17.180000000000007,69,0,4.79,ZA,1707273311
51,iskateley,67.6803,53.1512,-26.840000000000003,97,100,1.79,RU,1707273311
52,matoury,4.8483,-52.3317,24.129999999999995,100,40,2.06,GF,1707273312
53,anadyr,64.75,177.4833,-24.569999999999993,83,75,8.0,RU,1707273312
54,ushuaia,-54.8,-68.3,12.95999999999998,44,0,3.6,AR,1707273015
55,yaren,-0.5472,166.916,27.269999999999982,74,100,7.04,NR,1707273313
56,happy valley-goose bay,53.3168,-60.3315,-19.680000000000007,78,20,2.06,CA,1707273313
57,college,64.8569,-147.8028,-17.160000000000025,79,75,2.06,US,1707273071
58,juneau,58.3019,-134.4197,-1.6200000000000045,86,75,1.54,US,1707273179
59,talakan,50.3167,130.3667,-17.29000000000002,86,90,0.73,RU,1707273314
60,dombarovskiy,50.7587,59.5386,-8.519999999999982,83,99,12.07,RU,1707273314
61,yuzhno-kurilsk,44.0306,145.8556,-7.75,63,18,2.87,RU,1707273314
62,yellowknife,62.456,-114.3525,-19.319999999999993,93,100,5.66,CA,1707273220
63,osh,40.5151,72.8083,-2.490000000000009,74,100,3.0,KG,1707273315
64,shalqar,47.8333,59.6,-6.189999999999998,87,99,13.23,KZ,1707273316
65,susuman,62.7833,148.1667,-31.30000000000001,100,99,0.45,RU,1707273316
66,weno,7.4515,151.8468,28.120000000000005,66,40,6.17,FM,1707273316
67,grytviken,-54.2811,-36.5092,7.009999999999991,58,19,2.37,GS,1707273316
68,tazovsky,67.4667,78.7,-22.360000000000014,100,94,2.86,RU,1707273147
69,luderitz,-26.6481,15.1594,16.79000000000002,79,70,5.44,NA,1707273067
70,san jose de jachal,-30.2406,-68.7469,26.769999999999982,41,62,1.76,AR,1707273318
71,balkanabat,39.5108,54.3671,3.4700000000000273,65,92,2.82,TM,1707273318
72,douglas,41.3,-96.167,6.920000000000016,66,0,4.63,US,1707273318
73,thompson,55.7435,-97.8558,-19.75999999999999,71,100,3.6,CA,1707273319
74,hirara,24.8,125.2833,20.30000000000001,73,75,5.66,JP,1707273319
75,charleston,32.7766,-79.9309,7.600000000000023,54,0,4.63,US,1707273088
76,margaret river,-33.95,115.0667,25.029999999999973,36,0,3.51,AU,1707273320
77,makushino,55.2103,67.2442,-4.990000000000009,86,100,8.3,RU,1707273320
78,constantia,44.1833,28.65,8.54000000000002,66,99,5.24,RO,1707273320
79,tangalle,6.024,80.7911,23.24000000000001,70,28,5.05,LK,1707273320
80,arkhangel'sk,64.5401,40.5433,-26.78,75,20,1.0,RU,1707273321
81,ilulissat,69.2167,-51.1,-8.839999999999975,49,100,11.32,GL,1707273321
82,bilibino,68.0546,166.4372,-35.55000000000001,100,100,0.77,RU,1707273321
83,san patricio,28.017,-97.5169,13.620000000000005,69,66,2.61,US,1707273322
84,konstantinovka,49.6167,127.9833,-11.04000000000002,78,100,3.14,RU,1707273322
85,xinglongshan,43.9561,125.4661,-15.990000000000009,66,6,2.0,CN,1707273322
86,kodiak,57.79,-152.4072,0.8799999999999955,70,0,5.14,US,1707273322
87,belle fourche,44.6714,-103.8522,8.899999999999977,61,96,5.26,US,1707273323
88,kandalaksha,67.162,32.4123,-22.360000000000014,99,100,0.48,RU,1707273145
89,dudinka,69.4058,86.1778,-21.47,87,100,3.58,RU,1707273323
90,flying fish cove,-10.4217,105.6791,25.970000000000027,83,100,2.57,CX,1707273323
91,port-vila,-17.7338,168.3219,24.930000000000007,100,75,2.57,VU,1707273181
92,jenzan,36.2408,128.2975,1.9599999999999795,52,75,2.57,KR,1707273324
93,lihue,21.9789,-159.3672,24.730000000000018,66,75,8.75,US,1707273324
94,khovd,48.0056,91.6419,-21.379999999999995,93,51,0.39,MN,1707273324
95,mount gambier,-37.8333,140.7667,20.110000000000014,42,66,3.63,AU,1707273076
96,enewetak,11.3474,162.3373,24.75,82,99,7.23,MH,1707273325
97,west island,-12.1568,96.8225,28.139999999999986,70,40,4.12,CC,1707273325
98,kenai,60.5544,-151.2583,-5.660000000000025,94,20,4.12,US,1707273325
99,hawaiian paradise park,19.5933,-154.9731,21.410000000000025,81,100,2.06,US,1707273326
100,shimoda,34.6667,138.95,6.350000000000023,72,96,3.5,JP,1707273326
101,raja,8.4596,25.678,17.620000000000005,20,5,2.62,SS,1707273326
102,kitimat,54.0524,-128.6534,-2.0299999999999727,83,100,0.45,CA,1707273327
103,mersa matruh,31.3525,27.2453,12.310000000000002,69,0,2.89,EG,1707273327
104,alaghsas,17.0187,8.0168,13.279999999999973,25,38,5.15,NE,1707273327
105,remire-montjoly,4.9167,-52.2667,24.170000000000016,100,40,2.06,GF,1707273328
106,nago,26.5881,127.9761,19.620000000000005,78,100,4.33,JP,1707273328
107,genhe,50.7833,121.5167,-19.090000000000003,86,71,1.85,CN,1707273190
108,letlhakane,-21.4167,25.5833,22.75,47,31,1.57,BW,1707273328
109,keflavik,64.0049,-22.5624,-2.8999999999999773,80,75,10.8,IS,1707273329
110,merizo village,13.2658,144.6691,27.45999999999998,75,100,8.15,GU,1707273329
111,dapa,9.7594,126.0531,24.910000000000025,80,98,4.18,PH,1707273329
112,afaahiti,-17.75,-149.2833,25.079999999999984,89,100,10.63,PF,1707273329
113,pisco,-13.7,-76.2167,23.180000000000007,78,0,4.63,PE,1707273043
114,dunay,42.8803,132.3375,-9.230000000000018,58,1,8.98,RU,1707273330
115,elliot lake,46.3834,-82.6331,-3.240000000000009,95,100,1.44,CA,1707273330
116,san luis de la loma,17.2706,-100.8939,22.50999999999999,82,16,0.34,MX,1707273330
117,port saint john's,-31.6229,29.5448,20.779999999999973,83,78,1.75,ZA,1707273043
118,cabo san lucas,22.8909,-109.9124,21.75999999999999,77,75,5.14,MX,1707273148
119,nuuk,64.1835,-51.7216,-8.509999999999991,73,75,15.43,GL,1707273331
120,shiyan,32.6475,110.7781,1.6499999999999773,65,100,1.86,CN,1707273173
121,yichang,30.7144,111.2847,2.990000000000009,75,100,1.28,CN,1707273332
122,ancud,-41.8697,-73.8203,11.170000000000016,71,98,6.24,CL,1707273332
123,vilyuchinsk,52.9306,158.4028,-7.699999999999989,78,100,0.72,RU,1707273332
124,port alfred,-33.5906,26.891,19.920000000000016,91,100,3.13,ZA,1707273333
125,beau vallon,-20.4189,57.6953,24.939999999999998,88,75,3.09,MU,1707273333
126,kargasok,59.0556,80.8572,-8.54000000000002,97,100,3.13,RU,1707273140
127,nemuro,43.3236,145.575,-7.160000000000025,65,65,2.61,JP,1707273333
128,crane,31.3974,-102.3501,11.970000000000027,48,100,10.17,US,1707273334
129,olonkinbyen,70.9221,-8.7187,-5.660000000000025,91,91,8.59,SJ,1707273334
130,flin flon,54.7682,-101.865,-16.75,96,86,3.0,CA,1707273334
131,longyearbyen,78.2186,15.6401,-10.939999999999998,62,75,8.23,SJ,1707273335
132,coquimbo,-29.9533,-71.3436,17.0,94,0,2.06,CL,1707273296
133,queenstown,-31.8976,26.8753,17.480000000000018,46,17,1.94,ZA,1707273335
134,ain sukhna,29.6002,32.3167,11.480000000000018,70,0,2.22,EG,1707273335
135,petropavlovsk-kamchatsky,53.0452,158.6483,-8.519999999999982,76,75,1.79,RU,1707273064
136,qaqortoq,60.7167,-46.0333,-15.699999999999989,65,2,4.93,GL,1707273336
137,livingston,55.9029,-3.5226,-0.4700000000000273,76,100,2.17,GB,1707273336
138,egilsstadir,65.2653,-14.3948,-8.899999999999977,93,75,1.54,IS,1707273336
139,dwarka,22.2394,68.9678,20.639999999999986,71,86,4.7,IN,1707273337
140,sengkang,-4.1279,120.0297,30.269999999999982,57,92,2.46,ID,1707273337
141,ivdel',60.6911,60.4206,-16.189999999999998,96,100,3.58,RU,1707273337
142,sitka,57.0531,-135.33,1.089999999999975,87,40,0.0,US,1707273337
143,chililabombwe,-12.3648,27.8229,14.149999999999977,97,51,1.49,ZM,1707273337
144,papatowai,-46.5619,169.4708,15.259999999999991,53,16,4.37,NZ,1707273338
145,utrik,11.2278,169.8474,24.889999999999986,80,87,6.62,MH,1707273338
146,paracuru,-3.41,-39.0306,25.180000000000007,83,98,5.19,BR,1707273338
147,beli,7.8587,10.9719,19.100000000000023,24,60,0.33,NG,1707273338
148,ribeira grande,38.5167,-28.7,15.800000000000011,91,87,9.39,PT,1707273339
149,pizarro,4.9533,-77.366,24.100000000000023,87,81,1.27,CO,1707273339
150,blackmans bay,-43.0167,147.3167,20.110000000000014,42,35,1.34,AU,1707273339
151,qamdo,31.1667,97.2333,-7.639999999999986,32,2,3.45,CN,1707273340
152,mili,6.0815,171.735,26.00999999999999,73,93,7.85,MH,1707273246
153,walvis bay,-22.9575,14.5053,17.680000000000007,88,77,0.0,NA,1707273340
154,vorgashor,67.5833,63.95,-28.419999999999987,98,67,2.44,RU,1707273341
155,aasiaat,68.7098,-52.8699,-10.649999999999977,80,100,7.17,GL,1707273341
156,princeville,45.7668,-61.2985,-2.6100000000000136,92,100,1.54,CA,1707273341
157,kaa-khem,51.6833,94.7333,-30.50999999999999,99,68,0.5,RU,1707273341
158,port lincoln,-34.7333,135.8667,18.319999999999993,61,23,4.64,AU,1707273341
159,whitehorse,60.7161,-135.0538,-16.24000000000001,82,75,2.57,CA,1707273151
160,pudozh,61.8099,36.5345,-28.55000000000001,100,84,1.79,RU,1707273244
161,saudarkrokur,65.7461,-19.6394,-5.9599999999999795,77,67,3.48,IS,1707273342
162,labrador city,52.9463,-66.9114,-15.899999999999977,70,75,3.09,CA,1707273343
163,wailua homesteads,22.0669,-159.378,24.389999999999986,66,75,8.75,US,1707273343
164,deal,51.2232,1.4043,9.129999999999995,94,100,7.7,GB,1707273343
165,bumba,2.1833,22.4667,18.600000000000023,47,1,0.77,CD,1707273343
166,lethem,3.3803,-59.7968,23.730000000000018,82,39,5.09,GY,1707273344
167,misratah,32.3754,15.0925,13.639999999999986,53,95,3.78,LY,1707273344
168,benjamin constant,-4.3831,-70.0311,22.220000000000027,98,100,0.95,BR,1707273344
169,nganjuk,-7.6051,111.9035,26.279999999999973,79,99,1.28,ID,1707273344
170,keren,15.7778,38.4581,13.689999999999998,81,59,1.52,ER,1707273345
171,geraldton,-28.7667,114.6,33.379999999999995,12,0,8.75,AU,1707273345
172,codrington,-38.2667,141.9667,18.160000000000025,53,52,5.47,AU,1707273345
173,malango,-2.9627,119.9001,25.25,69,100,0.81,ID,1707273056
174,akjoujt,19.6969,-14.4164,19.480000000000018,9,50,5.67,MR,1707273346
175,ebon,4.582,168.6964,26.399999999999977,79,68,7.42,MH,1707273346
176,sabang,5.8933,95.3214,26.029999999999973,76,17,6.3,ID,1707273347
177,hithadhoo,-0.6,73.0833,26.470000000000027,74,34,3.0,MV,1707273347
178,najran,17.4924,44.1277,11.509999999999991,52,37,2.01,SA,1707273347
179,atafu village,-8.5421,-172.5159,27.160000000000025,79,93,10.39,TK,1707273347
180,avarua,-21.2078,-159.775,27.180000000000007,79,75,4.63,CK,1707273348
181,sambava,-14.2667,50.1667,21.629999999999995,90,100,1.69,MG,1707273348
182,fumel,44.4986,0.9651,4.699999999999989,92,43,1.56,FR,1707273348
183,ilebo,-4.3167,20.5833,19.670000000000016,97,83,0.82,CD,1707273348
184,tannum sands,-23.9504,151.3693,31.339999999999975,74,100,5.66,AU,1707273349
185,puerto aysen,-45.4,-72.7,6.4599999999999795,96,77,3.93,CL,1707273349
186,talnakh,69.4865,88.3972,-21.120000000000005,83,100,3.01,RU,1707273350
187,bontang,0.1333,117.5,26.829999999999984,72,73,1.24,ID,1707273350
188,hadibu,12.65,54.0333,22.54000000000002,74,43,3.4,YE,1707273350
189,alvorada,-12.48,-49.1247,21.95999999999998,86,99,1.48,BR,1707273350
190,nuriootpa,-34.4833,139.0,22.899999999999977,27,0,3.89,AU,1707273124
191,bikenibeu village,1.3673,173.1241,29.129999999999995,79,75,4.12,KI,1707273351
192,namibe,-15.1961,12.1522,23.0,82,100,2.36,AO,1707273351
193,lazaro cardenas,17.9583,-102.2,22.839999999999975,78,12,1.24,MX,1707273238
194,tsentoroy,43.0064,46.2231,-0.6999999999999886,99,100,1.96,RU,1707273351
195,hampton,37.0299,-76.3452,2.6000000000000227,66,75,7.72,US,1707273174
196,biograd na moru,43.9433,15.4519,8.569999999999993,92,100,4.19,HR,1707273352
197,burumburum,11.3911,8.7234,14.589999999999975,28,97,3.61,NG,1707273352
198,new norfolk,-42.7826,147.0587,20.769999999999982,29,39,2.56,AU,1707273353
199,independence,39.0911,-94.4155,8.730000000000018,52,0,3.09,US,1707273353
200,behbahan,30.5959,50.2417,8.569999999999993,54,6,1.61,IR,1707273353
201,taltal,-25.4,-70.4833,19.430000000000007,85,26,1.33,CL,1707273353
202,mariental,-24.6333,17.9667,24.110000000000014,31,97,5.32,NA,1707273354
203,cooper's town,26.8667,-77.5167,18.75999999999999,73,93,14.53,BS,1707273354
204,miyazu,35.5333,135.1833,1.259999999999991,95,100,1.42,JP,1707273355
205,bakchar,57.0186,82.0711,-14.980000000000018,96,92,2.07,RU,1707273355
206,semirom,31.4167,51.5667,-6.660000000000025,94,43,1.64,IR,1707273355
207,holualoa,19.6228,-155.9522,23.060000000000002,60,100,5.14,US,1707273355
208,okene,7.5981,6.2318,22.920000000000016,20,90,1.12,NG,1707273356
209,georgetown,5.4112,100.3354,29.110000000000014,72,20,3.6,MY,1707273356
210,noosa heads,-26.3833,153.15,27.649999999999977,76,28,6.55,AU,1707273237
211,christchurch,-43.5333,172.6333,24.439999999999998,60,52,7.72,NZ,1707272955
212,vernon,50.2581,-119.2691,0.2400000000000091,100,100,0.51,CA,1707273357
213,fisterra,42.9049,-9.2629,13.569999999999993,93,100,9.96,ES,1707273357
214,gadzhiyevo,69.2551,33.3362,-22.840000000000003,100,99,3.67,RU,1707273357
215,sierra grande,-41.606,-65.3557,27.75,30,97,7.58,AR,1707273358
216,mtimbira,-8.7833,36.35,20.55000000000001,98,80,0.42,TZ,1707273358
217,tsiombe,-25.3,45.4833,20.5,92,5,1.53,MG,1707273358
218,stutterheim,-32.5708,27.424,15.370000000000005,95,65,2.98,ZA,1707273358
219,masterton,-40.9597,175.6575,19.75,17,7,3.01,NZ,1707273359
220,arauco,-37.2463,-73.3175,16.45999999999998,91,94,1.85,CL,1707273359
221,saipan,15.1355,145.701,27.54000000000002,54,75,5.66,MP,1707273359
222,karaidel',55.8337,56.9069,-3.3799999999999955,88,100,5.97,RU,1707273359
223,santa isabel,-23.3156,-46.2214,20.569999999999993,96,100,0.54,BR,1707273360
224,prieska,-29.6641,22.7474,19.779999999999973,34,10,4.77,ZA,1707273360
225,ponta delgada,37.7333,-25.6667,15.550000000000011,94,75,9.26,PT,1707273360
226,tidjikja,18.5564,-11.4271,18.529999999999973,11,0,7.59,MR,1707273361
227,ulsteinvik,62.3432,5.8487,-4.759999999999991,79,100,1.34,NO,1707273361
228,thunder bay,48.4001,-89.3168,-0.8600000000000136,93,100,1.54,CA,1707273361
229,jiuquan,39.7432,98.5174,-8.129999999999995,74,92,1.52,CN,1707273362
230,afif,23.9065,42.9172,7.050000000000011,40,0,5.14,SA,1707273362
231,vila velha,-20.3297,-40.2925,22.00999999999999,92,0,1.34,BR,1707273362
232,sungai penuh,-2.0833,101.3833,23.19999999999999,67,97,1.22,ID,1707273362
233,onega,63.9061,38.1404,-29.72,100,48,1.79,RU,1707273363
234,callao,-12.0667,-77.15,26.329999999999984,69,0,8.23,PE,1707273074
235,mbanza kongo,-6.267,14.2401,18.620000000000005,95,100,0.71,AO,1707273363
236,mount isa,-20.7333,139.5,31.019999999999982,46,99,5.14,AU,1707273364
237,shahr-e kord,32.3256,50.8644,-8.980000000000018,86,0,1.03,IR,1707273364
238,opuwo,-18.0607,13.84,18.100000000000023,89,99,1.73,NA,1707273364
239,kailua-kona,19.6406,-155.9956,25.129999999999995,59,100,5.14,US,1707273365
240,garachico,28.7781,-17.7646,15.20999999999998,27,0,2.06,ES,1707273365
241,corner brook,48.9667,-57.9484,-5.759999999999991,98,64,0.17,CA,1707273365
242,brokopondo,4.75,-55.1667,22.600000000000023,93,84,3.28,SR,1707273365
243,twon-brass,4.3151,6.2418,25.310000000000002,80,43,2.19,NG,1707273366
244,sydney mines,46.2367,-60.2177,-1.7099999999999795,87,40,7.15,CA,1707273366
245,barrouallie,13.2333,-61.2667,24.930000000000007,77,43,7.6,VC,1707273367
246,strezhevoy,60.7333,77.5889,-5.759999999999991,95,96,4.02,RU,1707273367
247,wanning,18.8003,110.3967,23.170000000000016,78,97,3.56,CN,1707273367
248,chikhli,20.35,76.25,20.180000000000007,45,1,2.6,IN,1707273368
249,gao,16.6362,1.637,13.689999999999998,19,57,5.94,ML,1707273368
250,jamestown,42.097,-79.2353,-3.0500000000000114,85,0,3.09,US,1707273368
251,jolo,6.05,121.0167,27.389999999999986,64,92,0.8,PH,1707273368
252,ust-nera,64.5667,143.2,-30.439999999999998,93,65,0.68,RU,1707273149
253,badr hunayn,23.7829,38.7905,15.740000000000009,21,0,3.79,SA,1707273369
254,howrah,22.5892,88.3103,17.149999999999977,88,40,4.12,IN,1707273369
255,nova sintra,14.8667,-24.7167,19.069999999999993,72,0,5.98,CV,1707273367
256,poronaysk,49.2167,143.1167,-14.350000000000023,77,13,1.37,RU,1707273233
257,atar,20.5169,-13.0499,17.889999999999986,10,7,5.0,MR,1707273371
258,marsh harbour,26.5412,-77.0636,18.939999999999998,71,97,14.65,BS,1707273371
259,rio cuarto,-33.1307,-64.3499,25.019999999999982,61,0,4.63,AR,1707273355
260,knjazevac,43.5648,22.2502,4.889999999999986,76,55,2.77,RS,1707273371
261,binissalem,39.6871,2.8417,9.230000000000018,91,20,0.89,ES,1707273371
262,bengkulu,-3.8004,102.2655,26.629999999999995,68,66,1.04,ID,1707273372
263,olinda,-8.0089,-34.8553,27.0,74,20,4.12,BR,1707273363
264,bamboo flat,11.7,92.7167,21.19999999999999,94,39,1.03,IN,1707273372
265,rio tuba,8.5061,117.4317,26.310000000000002,73,5,5.71,PH,1707273372
266,fort bragg,35.139,-79.006,3.8999999999999773,49,0,5.14,US,1707273373
267,chonchi,-42.6128,-73.8092,12.70999999999998,70,54,3.15,CL,1707273373
268,al harithah,30.7186,47.7208,12.379999999999995,56,6,3.74,IQ,1707273373
269,copiapo,-27.3667,-70.3333,16.980000000000018,62,84,0.66,CL,1707273373
270,springs,-26.25,28.4,17.95999999999998,91,0,2.06,ZA,1707273374
271,visakhapatnam,17.69,83.2093,21.089999999999975,100,20,1.03,IN,1707273374
272,gotsucho,35.0,132.2167,4.600000000000023,77,99,3.48,JP,1707273374
273,st. john's,47.5649,-52.7093,-1.7699999999999818,92,100,12.96,CA,1707273199
274,lebu,-37.6167,-73.65,15.75,97,100,0.67,CL,1707273116
275,ghanzi,-21.5667,21.7833,22.25999999999999,57,61,3.37,BW,1707273375
276,gavrilov-yam,57.3018,39.8533,-23.939999999999998,100,100,1.64,RU,1707273375
277,kill devil hills,36.0307,-75.676,4.149999999999977,74,75,9.77,US,1707273376
278,tolanaro,-25.0319,46.9987,21.189999999999998,94,40,9.77,MG,1707273376
279,strathalbyn,-35.2667,138.9,23.55000000000001,54,0,5.32,AU,1707273376
280,caburan,5.9181,125.6411,26.079999999999984,71,100,3.19,PH,1707273377
281,ishigaki,24.3448,124.1572,20.220000000000027,78,75,4.63,JP,1707273377
282,gubkinskiy,64.434,76.5026,-9.410000000000025,96,99,4.46,RU,1707273377
283,korsakov,46.6328,142.7813,-11.939999999999998,75,6,0.93,RU,1707273377
284,rongelap,11.1635,166.8941,24.910000000000025,81,95,6.34,MH,1707273372
285,tongchuan,35.0806,109.0897,-2.3000000000000114,50,100,2.31,CN,1707273378
286,katsuura,35.1333,140.3,6.7900000000000205,53,100,4.41,JP,1707273378
287,mount pleasant,32.7941,-79.8626,7.589999999999975,55,20,4.63,US,1707273378
288,flekkefjord,58.2971,6.6607,-6.509999999999991,92,82,1.96,NO,1707273379
289,puerto ayora,-0.7393,-90.3518,23.230000000000018,88,67,3.68,EC,1707273379
290,haymana,39.4321,32.4973,2.240000000000009,57,12,2.65,TR,1707273379
291,ippy,6.2679,21.2247,19.839999999999975,24,65,1.25,CF,1707273379
292,lospalos,-8.5186,127.0025,27.430000000000007,58,97,1.67,TL,1707273379
293,khulm,36.6974,67.6983,7.949999999999989,34,100,3.96,AF,1707273380
294,dalian,38.9122,121.6022,-5.889999999999986,50,0,5.0,CN,1707273380
295,buka,40.8108,69.1986,5.6299999999999955,39,100,0.53,UZ,1707273380
296,colonia,50.9333,6.95,9.800000000000011,82,100,6.69,DE,1707273380
297,barczewo,53.8306,20.6911,3.259999999999991,82,100,8.32,PL,1707273381
298,paysandu,-32.3214,-58.0756,28.49000000000001,52,14,3.64,UY,1707273118
299,minggang,32.4586,114.0486,-0.8899999999999864,77,93,3.36,CN,1707273381
300,tessaoua,13.7574,7.9874,14.45999999999998,21,67,5.83,NE,1707273381
301,fyodorovka,53.6314,62.7078,-1.8799999999999955,98,100,6.64,KZ,1707273382
302,oranjemund,-28.55,16.4333,17.44999999999999,85,61,2.06,NA,1707273382
303,fale old settlement,-9.3852,-171.2468,26.879999999999995,81,100,10.73,TK,1707273382
304,williams lake,52.1415,-122.1445,-3.089999999999975,86,75,1.54,CA,1707273175
305,rehoboth,-23.3167,17.0833,23.170000000000016,42,97,1.38,NA,1707273383
306,dauphin,51.1494,-100.0502,-2.769999999999982,93,100,4.12,CA,1707273383
307,faya-largeau,17.9257,19.1043,14.180000000000007,29,100,9.09,TD,1707273383
308,smithers,54.7804,-127.1743,-4.670000000000016,86,100,1.03,CA,1707273384
309,minot,48.2325,-101.2963,-0.7300000000000182,86,100,2.57,US,1707273384
310,rovaniemi,66.5,25.7167,-21.180000000000007,84,75,2.06,FI,1707273384
311,corozal,9.3151,-75.2928,23.629999999999995,81,94,5.36,CO,1707273385
312,noumea,-22.2763,166.4572,28.70999999999998,99,100,8.3,NC,1707273385
313,contamana,-7.3333,-75.0167,23.04000000000002,83,23,0.98,PE,1707273385
314,pulandian,39.3953,121.9669,-5.360000000000014,30,0,7.27,CN,1707273385
315,koppa,13.5304,75.3633,22.20999999999998,46,2,1.22,IN,1707273386
316,paita,-5.0892,-81.1144,24.20999999999998,74,65,6.12,PE,1707273386
317,yarmouth,41.7057,-70.2286,0.14999999999997726,87,100,6.26,US,1707273204
318,nguigmi,14.2495,13.1092,15.240000000000009,26,100,6.57,NE,1707273387
319,gorontalo,0.5412,123.0595,30.930000000000007,52,69,1.38,ID,1707273387
320,severo-yeniseyskiy,60.3725,93.0408,-11.069999999999993,97,95,1.66,RU,1707273387
321,mbandaka,0.0487,18.2603,21.920000000000016,66,99,0.74,CD,1707273387
322,dolinsk,47.35,142.8,-9.100000000000023,74,15,1.24,RU,1707273388
323,sisimiut,66.9395,-53.6735,-6.670000000000016,77,100,10.78,GL,1707273388
324,kamaishi,39.2667,141.8833,2.1499999999999773,51,53,0.77,JP,1707273388
325,pecos,31.4229,-103.4932,12.759999999999991,39,100,11.95,US,1707273389
326,mwinilunga,-11.7358,24.4293,14.860000000000014,98,95,1.22,ZM,1707273389
327,colchani,-20.3,-66.9333,8.5,67,62,2.41,BO,1707273389
328,dalianwan,39.0286,121.695,-5.829999999999984,50,0,5.0,CN,1707273390
329,palmer,42.1584,-72.3287,-1.8000000000000114,78,0,0.0,US,1707273337
330,locharbriggs,55.1034,-3.5844,-0.20999999999997954,79,100,0.69,GB,1707273390
331,wakuya,38.5333,141.1333,2.1299999999999955,52,29,1.8,JP,1707273391
332,machali,-34.1833,-70.6667,17.980000000000018,40,0,1.08,CL,1707273391
333,arraial do cabo,-22.9661,-42.0278,23.470000000000027,88,100,1.18,BR,1707273391
334,mahina,-17.5065,-149.489,26.019999999999982,83,75,5.66,PF,1707273391
335,tralee,52.2704,-9.7026,1.829999999999984,86,99,2.13,IE,1707273377
336,las lomitas,-24.7096,-60.593,21.730000000000018,88,100,2.37,AR,1707273392
337,wavre,50.7333,4.6,8.79000000000002,92,75,11.32,BE,1707273392
338,puerto baquerizo moreno,-0.9,-89.6,23.649999999999977,86,31,5.04,EC,1707273149
339,tyukalinsk,55.8732,72.1967,-7.060000000000002,86,100,7.01,RU,1707273393
340,san antonio de pale,-1.4014,5.6325,26.00999999999999,75,65,2.84,GQ,1707273393
341,toliara,-23.35,43.6667,22.420000000000016,91,11,4.39,MG,1707273393
342,yanchep,-31.55,115.6833,30.899999999999977,23,0,3.9,AU,1707273394
343,gallipoli,40.4103,26.6708,13.069999999999993,38,32,2.03,TR,1707273394
344,gamba,-2.65,10.0,24.120000000000005,86,100,1.81,GA,1707273394
345,arkadelphia,34.1209,-93.0538,8.810000000000002,71,0,0.0,US,1707273394
346,los llanos de aridane,28.6585,-17.9182,15.009999999999991,37,0,4.47,ES,1707273395
347,dogubayazit,39.5469,44.0842,-6.7900000000000205,83,11,2.58,TR,1707273395
348,malkapur,20.8833,76.2,20.889999999999986,47,29,1.33,IN,1707273395
349,midvagur,62.0511,-7.1939,-2.3899999999999864,69,20,5.66,FO,1707273396
350,shahba,32.8551,36.629,3.920000000000016,83,46,2.78,SY,1707273396
351,wakkanai,45.4094,141.6739,-5.689999999999998,68,20,2.06,JP,1707273396
352,ola,59.5833,151.2833,-18.439999999999998,79,97,3.15,RU,1707273396
353,acarau,-2.8856,-40.12,25.029999999999973,85,21,5.96,BR,1707273396
354,polyarnyy,69.1989,33.4478,-21.650000000000006,99,99,3.97,RU,1707273397
355,ta`u,-14.2336,-169.5144,26.360000000000014,84,100,13.16,AS,1707273397
356,keminmaa,65.8596,24.8228,-21.97999999999999,84,100,3.09,FI,1707273397
357,az zulfi,26.2995,44.8154,8.680000000000007,37,0,2.51,SA,1707273397
358,tesanj,44.6117,17.9872,5.569999999999993,83,100,2.37,BA,1707273398
359,chinde,26.8418,88.0763,5.319999999999993,54,0,1.7,NP,1707273398
360,zhezqazghan,47.7833,67.7667,-2.5299999999999727,93,100,10.0,KZ,1707273207
361,puerto colombia,10.9878,-74.9547,26.19999999999999,70,36,6.86,CO,1707273398
362,qina,26.1642,32.7267,9.779999999999973,52,0,1.93,EG,1707273399
363,woolgoolga,-30.1106,153.2007,22.620000000000005,73,54,8.91,AU,1707273399
364,mishelevka,52.8575,103.1719,-17.360000000000014,93,69,1.7,RU,1707273399
365,kavaratti,10.5669,72.642,26.139999999999986,72,32,3.89,IN,1707273400
366,mucur,39.0615,34.3829,-1.839999999999975,66,15,2.06,TR,1707273400
367,fort mcmurray,56.7268,-111.381,-14.079999999999984,78,100,5.14,CA,1707273241
368,altai,46.3722,96.2583,-18.55000000000001,73,7,0.88,MN,1707273400
369,altay,47.8667,88.1167,-11.0,66,3,2.9,CN,1707273400
370,ambodifotatra,-16.9833,49.85,24.649999999999977,80,100,1.95,MG,1707273401
371,robore,-18.3333,-59.75,22.55000000000001,76,100,1.16,BO,1707273401
372,puerto ayacucho,5.6639,-67.6236,23.370000000000005,89,64,1.66,VE,1707273402
373,wetaskiwin,52.9668,-113.3687,-7.9599999999999795,82,84,3.38,CA,1707273173
374,aykhal,66.0,111.5,-31.120000000000005,100,100,2.12,RU,1707273193
375,bowen,-20.0167,148.2333,30.05000000000001,61,32,6.45,AU,1707273403
376,papao,-17.75,-149.55,25.970000000000027,88,100,11.32,PF,1707273403
377,saint-joseph,-21.3667,55.6167,21.360000000000014,78,82,1.61,RE,1707273403
378,santana,-0.0583,-51.1817,25.25,89,40,2.57,BR,1707273205
379,achacachi,-16.05,-68.6833,5.079999999999984,84,99,4.26,BO,1707273404
380,galesong,-5.3166,119.3661,22.160000000000025,78,100,2.27,ID,1707273404
381,muswellbrook,-32.2667,150.9,16.660000000000025,81,100,2.91,AU,1707272928
382,sant lluis,39.8526,4.2594,9.370000000000005,100,100,1.54,ES,1707273405
383,luau,-10.7073,22.2247,15.850000000000023,95,75,0.55,AO,1707273405
384,jining,35.405,116.5814,0.29000000000002046,62,84,1.7,CN,1707273292
385,saint-louis,16.3333,-15.0,22.660000000000025,10,0,5.61,SN,1707273406
386,kununurra,-15.7667,128.7333,31.139999999999986,66,40,1.54,AU,1707273406
387,road town,18.4167,-64.6167,24.19999999999999,94,40,3.6,VG,1707273406
388,ayr,55.4627,-4.6339,-0.5600000000000023,93,0,1.54,GB,1707273401
389,oratorio,14.2281,-90.1758,12.699999999999989,52,0,3.28,GT,1707273407
390,mejit,10.2753,170.8646,25.180000000000007,79,100,7.84,MH,1707273407
391,uturoa,-16.7333,-151.4333,26.339999999999975,87,100,14.29,PF,1707273400
392,kingston,17.997,-76.7936,22.680000000000007,69,20,4.63,JM,1707273177
393,castlemaine,-37.0667,144.2167,18.139999999999986,34,0,5.34,AU,1707273408
394,ghadamis,30.1337,9.5007,10.180000000000007,33,38,3.23,LY,1707273408
395,alice springs,-23.7,133.8833,28.269999999999982,44,75,7.72,AU,1707273409
396,north platte,41.1239,-100.7654,4.399999999999977,91,0,4.92,US,1707273409
397,tenenkou,14.4572,-4.9169,18.829999999999984,12,1,4.39,ML,1707273409
398,east ballina,-28.8667,153.5833,26.370000000000005,81,39,9.23,AU,1707273117
399,balnearia,-31.0088,-62.6673,28.189999999999998,40,41,3.63,AR,1707273409
400,naliya,23.2667,68.8333,19.170000000000016,77,99,3.02,IN,1707273410
401,adamantina,-21.6853,-51.0725,20.579999999999984,78,100,2.45,BR,1707273410
402,general levalle,-34.0147,-63.9241,28.629999999999995,35,1,4.9,AR,1707273410
403,prince george,53.9166,-122.753,-4.160000000000025,88,100,2.57,CA,1707273410
404,hasaki,35.7333,140.8333,8.310000000000002,46,83,5.34,JP,1707273410
405,ormara,25.2088,64.6357,19.5,54,100,1.95,PK,1707273411
406,port blair,11.6667,92.75,25.639999999999986,64,32,5.39,IN,1707273411
407,tvoroyri,61.5556,-6.8111,0.339999999999975,56,84,9.72,FO,1707273411
408,saint-claude,46.5,5.8333,1.0299999999999727,87,100,1.8,FR,1707273411
409,east london,-33.0153,27.9116,21.24000000000001,78,100,9.28,ZA,1707273412
410,laizhou,37.1717,119.9214,-1.4700000000000273,55,0,3.58,CN,1707273412
411,tarija,-21.5355,-64.7296,18.100000000000023,73,75,0.0,BO,1707273412
412,muntok,-2.0667,105.1833,26.55000000000001,74,94,2.76,ID,1707273412
413,sosnogorsk,63.6023,53.8817,-30.439999999999998,100,100,0.89,RU,1707273162
414,sangola,17.4333,75.2,23.720000000000027,37,0,3.22,IN,1707273413
415,northam,51.0333,-4.2167,7.180000000000007,98,100,2.09,GB,1707273413
416,comodoro rivadavia,-45.8667,-67.5,25.069999999999993,28,0,12.86,AR,1707273413
417,kalmunai,7.4167,81.8167,25.350000000000023,65,66,2.94,LK,1707273414
418,anapa,44.8908,37.3239,7.339999999999975,93,40,8.0,RU,1707273414
419,trevelin,-43.0858,-71.4639,12.860000000000014,88,83,4.21,AR,1707273414
420,margate,51.3813,1.3862,4.759999999999991,94,100,2.68,GB,1707273238
421,qingshuping,27.3817,112.0221,-1.410000000000025,97,100,2.98,CN,1707273415
422,olds,51.7834,-114.102,-7.3799999999999955,93,89,2.57,CA,1707273415
423,leh,34.1667,77.5833,-23.30000000000001,85,73,1.19,IN,1707273415
424,vyazemskiy,47.5378,134.7525,-14.319999999999993,80,73,3.69,RU,1707273415
425,mata-utu,-13.2816,-176.1745,26.95999999999998,78,97,6.33,WF,1707273416
426,pacasmayo,-7.4006,-79.5714,23.19999999999999,77,54,4.74,PE,1707273416
427,naze,28.3667,129.4833,13.660000000000025,82,100,6.78,JP,1707273416
428,cidreira,-30.1811,-50.2056,21.620000000000005,86,100,5.87,BR,1707273417
429,ust'-barguzin,53.45,108.9833,-15.439999999999998,87,58,1.61,RU,1707273417
430,jianshui,23.6363,102.8264,17.94999999999999,39,1,5.58,CN,1707273417
431,quellon,-43.1167,-73.6167,9.279999999999973,71,34,2.75,CL,1707273202
432,kondratovo,57.9804,56.1066,-5.689999999999998,79,75,6.0,RU,1707273418
433,natal,-5.795,-35.2094,26.269999999999982,83,40,3.09,BR,1707273259
434,al artawiyah,26.5053,45.3444,7.949999999999989,39,0,2.48,SA,1707273419
435,miyako,39.6367,141.9525,2.339999999999975,47,68,1.54,JP,1707273419
436,alva,56.1528,-3.8051,0.339999999999975,86,100,2.05,GB,1707273419
437,al khums,32.6486,14.2619,14.850000000000023,44,100,3.64,LY,1707273419
438,broome,42.2506,-75.833,-1.6399999999999864,79,0,2.06,US,1707273419
439,mizdah,31.4451,12.9801,9.439999999999998,41,43,2.02,LY,1707273420
440,querfurt,51.3833,11.6,8.810000000000002,76,100,12.9,DE,1707273420
441,manta,-0.95,-80.7333,25.029999999999973,83,75,6.71,EC,1707273421
442,las palmas,28.4204,-14.0131,13.589999999999975,82,0,3.09,ES,1707273421
443,taulaga,-11.0553,-171.0883,26.629999999999995,82,100,11.64,AS,1707273421
444,tampakan,6.4442,124.9264,26.310000000000002,68,100,0.41,PH,1707273422
445,guiberoua,6.2392,-6.1727,18.50999999999999,77,0,0.17,CI,1707273422
446,kiunga,-6.1219,141.2906,21.350000000000023,99,100,2.08,PG,1707273422
447,port macquarie,-31.4333,152.9167,22.529999999999973,80,100,6.1,AU,1707273163
448,pundong,-7.9522,110.3486,26.829999999999984,70,86,3.81,ID,1707273423
449,yomju-up,39.8933,124.5981,-6.25,51,0,4.59,KP,1707273423
450,tual,-5.6667,132.75,25.839999999999975,81,49,7.94,ID,1707273423
451,rakops,-21.0167,24.3333,22.689999999999998,55,95,2.97,BW,1707273424
452,xinzhi,36.4989,111.7047,-1.2300000000000182,51,86,1.21,CN,1707273424
453,greymouth,-42.4667,171.2,18.139999999999986,67,56,3.18,NZ,1707273424
454,sarangani,5.4033,125.4636,25.49000000000001,75,100,4.23,PH,1707273425
455,tan-tan,28.438,-11.1032,13.870000000000005,33,3,2.42,MA,1707273425
456,okhotsk,59.3833,143.3,-20.900000000000006,76,100,4.26,RU,1707273425
457,coron,11.9986,120.2043,27.670000000000016,65,75,2.65,PH,1707273425
458,ornskoldsvik,63.2909,18.7153,-12.319999999999993,85,100,0.51,SE,1707273426
459,nagqu,31.5,92.0,-8.420000000000016,14,1,6.44,CN,1707273426
460,grahamstown,-33.3042,26.5328,16.45999999999998,91,83,5.9,ZA,1707273426
461,sargatskoye,55.6101,73.4972,-7.360000000000014,83,100,6.77,RU,1707273426
462,at-bashi,41.1702,75.8106,-15.649999999999977,72,96,1.42,KG,1707273427
463,toropets,56.4978,31.6353,-10.660000000000025,97,100,3.61,RU,1707273427
464,badger,64.8,-147.5333,-17.20999999999998,82,75,2.06,US,1707273427
465,dolores,-36.3132,-57.6792,19.25999999999999,94,100,4.35,AR,1707273428
466,belmonte,-15.8631,-38.8828,23.839999999999975,85,81,1.75,BR,1707273428
467,kakonko,-3.2828,30.9642,14.5,94,53,1.0,TZ,1707273428
468,kerikeri,-35.2268,173.9474,22.019999999999982,61,18,3.88,NZ,1707273428
469,sterling,39.0062,-77.4286,1.0,64,0,2.06,US,1707273428
470,menongue,-14.6585,17.691,14.449999999999989,98,100,1.38,AO,1707273429
471,kourou,5.1552,-52.6478,24.180000000000007,92,21,3.49,GF,1707273429
472,la ronge,55.1001,-105.2842,-15.70999999999998,85,100,3.09,CA,1707273430
473,palmares do sul,-30.2578,-50.5097,21.560000000000002,85,100,4.91,BR,1707273430
474,copala,16.65,-98.9833,22.24000000000001,81,14,1.64,MX,1707273431
475,erenhot,43.6475,111.9767,-16.079999999999984,88,30,2.6,CN,1707273431
476,barreirinhas,-2.7469,-42.8264,25.20999999999998,83,72,4.48,BR,1707273431
477,oldsmar,28.0342,-82.6651,13.70999999999998,60,0,4.63,US,1707273431
478,steinbach,50.1667,8.5667,8.160000000000025,84,75,9.26,DE,1707273431
479,fortuna,40.5982,-124.1573,7.9599999999999795,91,40,0.0,US,1707273396
480,olovyannaya,50.95,115.5667,-18.319999999999993,90,61,1.88,RU,1707273433
481,suva,-18.1416,178.4415,27.860000000000014,70,75,3.6,FJ,1707273392
482,irymple,-34.25,142.1667,23.19999999999999,35,0,0.89,AU,1707273433
483,kuusamo,65.9667,29.1833,-29.830000000000013,76,75,0.51,FI,1707273433
484,tezu,27.9167,96.1667,17.129999999999995,53,99,0.47,IN,1707273434
485,huarmey,-10.0681,-78.1522,23.160000000000025,80,31,3.94,PE,1707273434
486,bathsheba,13.2167,-59.5167,25.49000000000001,89,75,8.23,BB,1707273434
487,fort riley north,39.1108,-96.8139,7.600000000000023,68,0,5.14,US,1707273434
488,choibalsan,48.0667,114.5,-17.45999999999998,86,9,4.18,MN,1707273435
489,las brenas,-27.0897,-61.0816,23.379999999999995,73,100,3.24,AR,1707273435
490,caluula,11.9661,50.7569,22.870000000000005,75,2,4.32,SO,1707273435
491,igarka,67.4667,86.5833,-17.600000000000023,97,97,3.03,RU,1707273435
492,gurupa,-1.405,-51.64,21.910000000000025,97,4,1.45,BR,1707273436
493,tremonton,41.7119,-112.1655,4.100000000000023,76,100,0.0,US,1707273161
494,sardarapat,40.1321,44.0097,6.680000000000007,78,70,1.38,AM,1707273436
495,huron,41.1501,-82.5499,-1.4700000000000273,85,73,2.28,US,1707273437
496,luanda,-8.8368,13.2343,23.149999999999977,94,75,3.09,AO,1707273437
497,portland,45.5234,-122.6762,7.2900000000000205,91,75,2.57,US,1707273368
498,itoman,26.1247,127.6694,19.579999999999984,71,40,3.09,JP,1707273438
499,vadso,70.0744,29.7487,-12.759999999999991,85,100,8.23,NO,1707273417
500,mogocha,53.7333,119.7667,-11.819999999999993,76,46,1.32,RU,1707273438
501,rustaq,23.3908,57.4244,15.230000000000018,50,99,0.47,OM,1707273439
502,ha'il,27.5219,41.6907,3.160000000000025,52,0,2.06,SA,1707273439
503,praya,14.9215,-23.5087,21.44999999999999,68,2,6.69,CV,1707273250
504,kavieng,-2.5744,150.7967,25.779999999999973,82,98,4.17,PG,1707273219
505,rio grande,-32.035,-52.0986,19.319999999999993,83,30,4.84,BR,1707273439
506,inhambane,-23.865,35.3833,19.720000000000027,85,0,2.14,MZ,1707273440
507,hanzhong,33.0728,107.0303,3.829999999999984,57,100,1.59,CN,1707273368
508,rio claro,-22.4114,-47.5614,19.970000000000027,74,100,1.3,BR,1707273344
509,barcelos,41.5388,-8.6151,11.439999999999998,86,100,2.34,PT,1707273441
510,newnham,-41.3833,147.1333,20.680000000000007,37,29,3.6,AU,1707273441
511,cuito,-12.3833,16.9333,13.589999999999975,97,100,2.45,AO,1707273441
512,bardai,11.65,7.2333,15.079999999999984,27,69,6.28,NG,1707273441
513,westport,41.1415,-73.3579,-0.3199999999999932,70,0,2.57,US,1707273441
514,nizhnyaya poyma,56.1622,97.1933,-13.379999999999995,92,97,0.99,RU,1707273442
515,mar del plata,-38.0023,-57.5575,20.980000000000018,91,0,10.73,AR,1707273442
516,ciudad lazaro cardenas,17.9583,-102.2,22.839999999999975,78,12,1.24,MX,1707273372
517,bandarbeyla,9.4942,50.8122,22.439999999999998,78,7,6.0,SO,1707273443
518,dumbea,-22.15,166.45,28.69999999999999,99,100,5.88,NC,1707273443
519,uthai thani,15.3833,99.55,28.920000000000016,19,0,0.77,TH,1707273444
520,kismayo,-0.3582,42.5454,25.0,87,84,6.24,SO,1707273444
521,timmins,48.4669,-81.3331,-0.9499999999999886,100,100,2.57,CA,1707273320
522,tekirdag,40.978,27.5085,2.7900000000000205,86,29,1.49,TR,1707273444
523,lerwick,60.1545,-1.1494,-1.8500000000000227,58,99,7.13,GB,1707273419
524,san jose del guaviare,2.5729,-72.6459,20.649999999999977,92,29,1.22,CO,1707273445
525,pionerskiy,54.9508,20.2275,4.899999999999977,84,100,14.79,RU,1707273445
526,puerto deseado,-47.7503,-65.8938,16.670000000000016,55,100,11.21,AR,1707273445
527,tofol,5.3248,163.0078,29.029999999999973,70,75,7.2,FM,1707273375
528,talcahuano,-36.7167,-73.1167,16.970000000000027,94,100,3.09,CL,1707273445
529,dawei,14.0833,98.2,27.329999999999984,25,0,0.45,MM,1707273446
530,xinxiang,35.3089,113.8672,1.079999999999984,64,91,0.64,CN,1707273446
531,saint-pierre,-21.3393,55.4781,21.970000000000027,60,20,2.57,RE,1707273446
532,dunedin,-45.8742,170.5036,13.829999999999984,69,94,3.89,NZ,1707273447
533,manokwari,-0.8667,134.0833,25.069999999999993,77,100,4.23,ID,1707273447
534,pasni,25.2631,63.471,18.660000000000025,53,79,3.0,PK,1707273447
535,jalai nur,49.45,117.7,-17.649999999999977,86,12,1.42,CN,1707273448
536,tromso,69.6496,18.957,-6.839999999999975,93,75,2.06,NO,1707273448
537,motygino,58.1831,94.7592,-14.189999999999998,99,100,0.89,RU,1707273449
538,meadow lake,34.8014,-106.5436,10.70999999999998,40,100,4.22,US,1707273449
539,puerto lempira,15.2667,-83.7667,22.189999999999998,59,74,9.89,HN,1707273449
540,montepuez,-13.1256,38.9997,20.149999999999977,98,100,1.62,MZ,1707273450
541,sao joao da barra,-21.6403,-41.0511,22.5,91,100,2.58,BR,1707273404
542,kargopol',61.5071,38.9456,-31.840000000000003,100,100,0.99,RU,1707273450
543,taroa,8.7058,171.2275,25.730000000000018,77,98,7.59,MH,1707273451
544,puerto plata,19.7934,-70.6884,22.100000000000023,94,20,0.0,DO,1707273451
545,port augusta,-32.5,137.7667,24.939999999999998,25,0,5.73,AU,1707273452
546,mountain home,43.133,-115.6912,4.5,92,100,7.2,US,1707273358
547,babu,24.4167,111.5167,3.740000000000009,87,97,3.36,CN,1707273452
548,red deer,52.2668,-113.802,-8.360000000000014,100,100,4.12,CA,1707273336
549,sosnovo-ozerskoye,52.5249,111.5418,-19.039999999999992,91,90,2.42,RU,1707273237
550,kegeyli shahar,42.7767,59.6078,0.19999999999998863,64,7,8.5,UZ,1707273453
551,ghat,24.9647,10.1728,8.350000000000023,41,4,2.17,LY,1707273453
552,la passe,45.5549,-0.8967,8.699999999999989,92,98,5.72,FR,1707273453
553,lata,40.1629,-8.3327,8.189999999999998,95,82,1.79,PT,1707273454
554,fada,9.5667,8.3,16.910000000000025,28,75,3.5,NG,1707273454
555,tchollire,8.4022,14.1698,18.600000000000023,21,100,0.71,CM,1707273454
556,rodna,47.4167,24.8167,2.6200000000000045,94,95,4.16,RO,1707273455
557,usogorsk,63.4106,48.6872,-30.370000000000005,100,99,1.12,RU,1707273445
558,carutapera,-1.195,-46.02,24.379999999999995,87,16,3.14,BR,1707273455
559,nova olimpia,-14.7972,-57.2881,21.20999999999998,95,95,1.17,BR,1707273455
560,laguna,38.421,-121.4238,10.430000000000007,76,20,0.0,US,1707273455
561,monrovia,6.3005,-10.7969,24.680000000000007,85,4,1.04,LR,1707273244
562,ardestan,33.3761,52.3694,2.5500000000000114,51,0,2.29,IR,1707273456
563,san andres,12.5847,-81.7006,25.160000000000025,65,20,8.23,CO,1707273457
564,reggane,26.7158,0.1714,12.259999999999991,26,16,3.86,DZ,1707273457
565,novyy turtkul',41.55,61.0167,3.1000000000000227,62,100,8.01,UZ,1707273457
566,yuxi,24.355,102.5422,14.819999999999993,44,5,7.02,CN,1707273457
